sensor,provider_asset_type,gsd,capture_date,off_nadir_angle,pan_resolution,sun_azimuth,sun_elevation,target_azimuth,disaster,disaster_type,catalog_id,original_width,original_height,width,height,id,img_name,centroid_x,centroid_y,path,no-damage,un-classified,destroyed,major-damage
GEOEYE01,GEOEYE01,1.7746705,2019-01-02T03:17:07.000Z,16.378376,0.44356507,126.33524,60.16131,292.7296,sunda-tsunami,tsunami,1050010013BECF00,1024,1024,1024,1024,MjY0MjIxNA.tPj_sw9aRw2PjbfRhQIl6R1ktWs,sunda-tsunami_00000000_post_disaster.png,105.83448101081756,-6.393007163167814,C:\Users\yanit\OneDrive\Bureau\Data Insights And Visualization\tier3\labels\sunda-tsunami_00000000_post_disaster.json,153.02173913043478,33.205128205128204,14.916666666666666,6.25
GEOEYE01,GEOEYE01,1.7746705,2019-01-02T03:17:07.000Z,16.378376,0.44356507,126.33524,60.16131,292.7296,sunda-tsunami,tsunami,1050010013BECF00,1024,1024,1024,1024,MjY0MjIxNg.YLBP2ZjF375ioAJNSLgcr7MlOyI,sunda-tsunami_00000001_post_disaster.png,105.82328215135787,-6.367616614707342,C:\Users\yanit\OneDrive\Bureau\Data Insights And Visualization\tier3\labels\sunda-tsunami_00000001_post_disaster.json,650.0,33.205128205128204,14.916666666666666,6.25
GEOEYE01,GEOEYE01,1.7746705,2019-01-02T03:17:07.000Z,16.378376,0.44356507,126.33524,60.16131,292.7296,sunda-tsunami,tsunami,1050010013BECF00,1024,1024,1024,1024,MjY0MjIxOA.79sVD0ZB57hBjHyjdA_Np59srHw,sunda-tsunami_00000002_post_disaster.png,105.82421294460971,-6.357285070894589,C:\Users\yanit\OneDrive\Bureau\Data Insights And Visualization\tier3\labels\sunda-tsunami_00000002_post_disaster.json,28.0,58.0,14.916666666666666,6.25
GEOEYE01,GEOEYE01,1.7746705,2019-01-02T03:17:07.000Z,16.378376,0.44356507,126.33524,60.16131,292.7296,sunda-tsunami,tsunami,1050010013BECF00,1024,1024,1024,1024,MjY0MjIyMA.wCl1W3qr930jcZHSoNRJrd1NE6U,sunda-tsunami_00000003_post_disaster.png,105.83448101081756,-6.393007163167814,C:\Users\yanit\OneDrive\Bureau\Data Insights And Visualization\tier3\labels\sunda-tsunami_00000003_post_disaster.json,153.02173913043478,33.205128205128204,14.916666666666666,6.25
GEOEYE01,GEOEYE01,1.7746705,2019-01-02T03:17:07.000Z,16.378376,0.44356507,126.33524,60.16131,292.7296,sunda-tsunami,tsunami,1050010013BECF00,1024,1024,1024,1024,MjY0MjIyMg.0iOu0t6mMe8_dd0dq3LwdKtmcdI,sunda-tsunami_00000004_post_disaster.png,105.82677259901283,-6.367246805101159,C:\Users\yanit\OneDrive\Bureau\Data Insights And Visualization\tier3\labels\sunda-tsunami_00000004_post_disaster.json,302.0,8.0,14.916666666666666,6.25
GEOEYE01,GEOEYE01,1.7746705,2019-01-02T03:17:07.000Z,16.378376,0.44356507,126.33524,60.16131,292.7296,sunda-tsunami,tsunami,1050010013BECF00,1024,1024,1024,1024,MjY0MjIyNA.QiePQY_YJtOKAN4MbJ4hObjqI_Q,sunda-tsunami_00000005_post_disaster.png,105.8241966813173,-6.383986004452649,C:\Users\yanit\OneDrive\Bureau\Data Insights And Visualization\tier3\labels\sunda-tsunami_00000005_post_disaster.json,43.0,33.205128205128204,6.0,2.0
GEOEYE01,GEOEYE01,1.7746705,2019-01-02T03:17:07.000Z,16.378376,0.44356507,126.33524,60.16131,292.7296,sunda-tsunami,tsunami,1050010013BECF00,1024,1024,1024,1024,MjY0MjIyNg.tiENuF7Fn5v1knFPXDBQhZ-JrGo,sunda-tsunami_00000006_post_disaster.png,105.82644757910029,-6.357459824880782,C:\Users\yanit\OneDrive\Bureau\Data Insights And Visualization\tier3\labels\sunda-tsunami_00000006_post_disaster.json,235.0,66.0,14.916666666666666,6.25
GEOEYE01,GEOEYE01,1.7746705,2019-01-02T03:17:07.000Z,16.378376,0.44356507,126.33524,60.16131,292.7296,sunda-tsunami,tsunami,1050010013BECF00,1024,1024,1024,1024,MjY0MjIyOA.VHQyNzTJgMsHRFCs5kAlsLVIdfI,sunda-tsunami_00000007_post_disaster.png,105.82383923453645,-6.347846969592643,C:\Users\yanit\OneDrive\Bureau\Data Insights And Visualization\tier3\labels\sunda-tsunami_00000007_post_disaster.json,153.02173913043478,4.0,14.916666666666666,6.25
GEOEYE01,GEOEYE01,1.7746705,2019-01-02T03:17:07.000Z,16.378376,0.44356507,126.33524,60.16131,292.7296,sunda-tsunami,tsunami,1050010013BECF00,1024,1024,1024,1024,MjY0MjIzMA.kQbjIN_J6hZ2b_SyDYj9-yJCG9A,sunda-tsunami_00000008_post_disaster.png,105.8336656499514,-6.395930850821689,C:\Users\yanit\OneDrive\Bureau\Data Insights And Visualization\tier3\labels\sunda-tsunami_00000008_post_disaster.json,18.0,33.205128205128204,14.916666666666666,6.25
GEOEYE01,GEOEYE01,1.7746705,2019-01-02T03:17:07.000Z,16.378376,0.44356507,126.33524,60.16131,292.7296,sunda-tsunami,tsunami,1050010013BECF00,1024,1024,1024,1024,MjY0MjIzMQ.j9J6gwsZRtg6jpOzmSLBBNF07QE,sunda-tsunami_00000009_post_disaster.png,105.82380327192038,-6.376300054390098,C:\Users\yanit\OneDrive\Bureau\Data Insights And Visualization\tier3\labels\sunda-tsunami_00000009_post_disaster.json,595.0,1.0,46.0,10.0
GEOEYE01,GEOEYE01,1.7746705,2019-01-02T03:17:07.000Z,16.378376,0.44356507,126.33524,60.16131,292.7296,sunda-tsunami,tsunami,1050010013BECF00,1024,1024,1024,1024,MjY0MjIzNA.VhnvIszE95mKemeSulimbaPlQc4,sunda-tsunami_00000010_post_disaster.png,105.83136493007929,-6.36730674522052,C:\Users\yanit\OneDrive\Bureau\Data Insights And Visualization\tier3\labels\sunda-tsunami_00000010_post_disaster.json,262.0,33.205128205128204,14.916666666666666,6.25
GEOEYE01,GEOEYE01,1.7746705,2019-01-02T03:17:07.000Z,16.378376,0.44356507,126.33524,60.16131,292.7296,sunda-tsunami,tsunami,1050010013BECF00,1024,1024,1024,1024,MjY0MjIzNQ.XZAERUeSAeElVzKxSVaRhWZiaR4,sunda-tsunami_00000011_post_disaster.png,105.83357511891752,-6.3576009941039775,C:\Users\yanit\OneDrive\Bureau\Data Insights And Visualization\tier3\labels\sunda-tsunami_00000011_post_disaster.json,153.02173913043478,35.0,14.916666666666666,6.25
GEOEYE01,GEOEYE01,1.7746705,2019-01-02T03:17:07.000Z,16.378376,0.44356507,126.33524,60.16131,292.7296,sunda-tsunami,tsunami,1050010013BECF00,1024,1024,1024,1024,MjY0MjIzNw.xk7_HCz5PcBMGHuyctDAArjouh4,sunda-tsunami_00000012_post_disaster.png,105.83794152487513,-6.395249143217208,C:\Users\yanit\OneDrive\Bureau\Data Insights And Visualization\tier3\labels\sunda-tsunami_00000012_post_disaster.json,164.0,5.0,14.916666666666666,6.25
GEOEYE01,GEOEYE01,1.7746705,2019-01-02T03:17:07.000Z,16.378376,0.44356507,126.33524,60.16131,292.7296,sunda-tsunami,tsunami,1050010013BECF00,1024,1024,1024,1024,MjY0MjIzOQ.9Sgl32vPLEmfLrg-9GCNkOBErI0,sunda-tsunami_00000013_post_disaster.png,105.82721604236487,-6.3494512278059965,C:\Users\yanit\OneDrive\Bureau\Data Insights And Visualization\tier3\labels\sunda-tsunami_00000013_post_disaster.json,106.0,26.0,14.916666666666666,6.25
GEOEYE01,GEOEYE01,1.7746705,2019-01-02T03:17:07.000Z,16.378376,0.44356507,126.33524,60.16131,292.7296,sunda-tsunami,tsunami,1050010013BECF00,1024,1024,1024,1024,MjY0MjI0MQ.n9uGJSOQNXfU3WnJe1pCQFbE5tI,sunda-tsunami_00000014_post_disaster.png,105.82620138646702,-6.384616579842066,C:\Users\yanit\OneDrive\Bureau\Data Insights And Visualization\tier3\labels\sunda-tsunami_00000014_post_disaster.json,119.0,33.205128205128204,14.916666666666666,6.25
GEOEYE01,GEOEYE01,1.7746705,2019-01-02T03:17:07.000Z,16.378376,0.44356507,126.33524,60.16131,292.7296,sunda-tsunami,tsunami,1050010013BECF00,1024,1024,1024,1024,MjY0MjI0Mw.BMtvkdGvF8Bnu_6kHBA0KB7aCbo,sunda-tsunami_00000015_post_disaster.png,105.83448101081756,-6.393007163167814,C:\Users\yanit\OneDrive\Bureau\Data Insights And Visualization\tier3\labels\sunda-tsunami_00000015_post_disaster.json,153.02173913043478,33.205128205128204,14.916666666666666,6.25
GEOEYE01,GEOEYE01,1.7746705,2019-01-02T03:17:07.000Z,16.378376,0.44356507,126.33524,60.16131,292.7296,sunda-tsunami,tsunami,1050010013BECF00,1024,1024,1024,1024,MjY0MjI0NQ.eiwrHhIy7mTiFVCMSj_5NS_tncU,sunda-tsunami_00000016_post_disaster.png,105.82705126364723,-6.376221924163614,C:\Users\yanit\OneDrive\Bureau\Data Insights And Visualization\tier3\labels\sunda-tsunami_00000016_post_disaster.json,1199.0,9.0,14.916666666666666,6.25
GEOEYE01,GEOEYE01,1.7746705,2019-01-02T03:17:07.000Z,16.378376,0.44356507,126.33524,60.16131,292.7296,sunda-tsunami,tsunami,1050010013BECF00,1024,1024,1024,1024,MjY0MjI0Nw.8greT9JBQVDmZN3RIOE2E5Za0XU,sunda-tsunami_00000017_post_disaster.png,105.83503913880257,-6.357090008128611,C:\Users\yanit\OneDrive\Bureau\Data Insights And Visualization\tier3\labels\sunda-tsunami_00000017_post_disaster.json,153.02173913043478,91.0,14.916666666666666,6.25
GEOEYE01,GEOEYE01,1.7746705,2019-01-02T03:17:07.000Z,16.378376,0.44356507,126.33524,60.16131,292.7296,sunda-tsunami,tsunami,1050010013BECF00,1024,1024,1024,1024,MjY0MjI0OQ.FNwpI-JqRNljzzMX_WAWJdk5fns,sunda-tsunami_00000018_post_disaster.png,105.84062868112214,-6.394164057472714,C:\Users\yanit\OneDrive\Bureau\Data Insights And Visualization\tier3\labels\sunda-tsunami_00000018_post_disaster.json,235.0,14.0,14.916666666666666,6.25
GEOEYE01,GEOEYE01,1.7746705,2019-01-02T03:17:07.000Z,16.378376,0.44356507,126.33524,60.16131,292.7296,sunda-tsunami,tsunami,1050010013BECF00,1024,1024,1024,1024,MjY0MjI1MQ.IPDM8XhYf9lMtzC208QmUx71bA0,sunda-tsunami_00000019_post_disaster.png,105.83161003776789,-6.349487740362704,C:\Users\yanit\OneDrive\Bureau\Data Insights And Visualization\tier3\labels\sunda-tsunami_00000019_post_disaster.json,47.0,22.0,14.916666666666666,6.25
GEOEYE01,GEOEYE01,1.7746705,2019-01-02T03:17:07.000Z,16.378376,0.44356507,126.33524,60.16131,292.7296,sunda-tsunami,tsunami,1050010013BECF00,1024,1024,1024,1024,MjY0MjI1Mw.ufwXM3ohYMe26Z5oy2pC_ryG4WQ,sunda-tsunami_00000020_post_disaster.png,105.84206342366997,-6.3677806933645495,C:\Users\yanit\OneDrive\Bureau\Data Insights And Visualization\tier3\labels\sunda-tsunami_00000020_post_disaster.json,81.0,33.0,14.916666666666666,6.25
GEOEYE01,GEOEYE01,1.7746705,2019-01-02T03:17:07.000Z,16.378376,0.44356507,126.33524,60.16131,292.7296,sunda-tsunami,tsunami,1050010013BECF00,1024,1024,1024,1024,MjY0MjI1NQ.ullprV5X16_0bzWoqYHGnHbo6eI,sunda-tsunami_00000021_post_disaster.png,105.83234929972299,-6.384358561218767,C:\Users\yanit\OneDrive\Bureau\Data Insights And Visualization\tier3\labels\sunda-tsunami_00000021_post_disaster.json,38.0,33.205128205128204,14.916666666666666,6.25
GEOEYE01,GEOEYE01,1.7746705,2019-01-02T03:17:07.000Z,16.378376,0.44356507,126.33524,60.16131,292.7296,sunda-tsunami,tsunami,1050010013BECF00,1024,1024,1024,1024,MjY0MjI1Nw.2J2W8mq234QM93DfUJ9g2Utkj_A,sunda-tsunami_00000022_post_disaster.png,105.84607805190086,-6.394297739934073,C:\Users\yanit\OneDrive\Bureau\Data Insights And Visualization\tier3\labels\sunda-tsunami_00000022_post_disaster.json,158.0,1.0,5.0,6.25
GEOEYE01,GEOEYE01,1.7746705,2019-01-02T03:17:07.000Z,16.378376,0.44356507,126.33524,60.16131,292.7296,sunda-tsunami,tsunami,1050010013BECF00,1024,1024,1024,1024,MjY0MjI1OQ.ot3IgmN1k2RKYTrx-m-PAwK4RYY,sunda-tsunami_00000023_post_disaster.png,105.83141618851414,-6.37625229474322,C:\Users\yanit\OneDrive\Bureau\Data Insights And Visualization\tier3\labels\sunda-tsunami_00000023_post_disaster.json,1192.0,33.205128205128204,14.916666666666666,3.0
GEOEYE01,GEOEYE01,1.7746705,2019-01-02T03:17:07.000Z,16.378376,0.44356507,126.33524,60.16131,292.7296,sunda-tsunami,tsunami,1050010013BECF00,1024,1024,1024,1024,MjY0MjI2MQ.hBTfXcyR1gwNtjl34c0irHI0G30,sunda-tsunami_00000024_post_disaster.png,105.84221011088017,-6.356771585223049,C:\Users\yanit\OneDrive\Bureau\Data Insights And Visualization\tier3\labels\sunda-tsunami_00000024_post_disaster.json,43.0,17.0,14.916666666666666,1.0
GEOEYE01,GEOEYE01,1.7746705,2019-01-02T03:17:07.000Z,16.378376,0.44356507,126.33524,60.16131,292.7296,sunda-tsunami,tsunami,1050010013BECF00,1024,1024,1024,1024,MjY0MjI2Mw.MUMiJaRbHWPmbc1r0QLijTyM7t0,sunda-tsunami_00000025_post_disaster.png,105.84600913795884,-6.3674845377135645,C:\Users\yanit\OneDrive\Bureau\Data Insights And Visualization\tier3\labels\sunda-tsunami_00000025_post_disaster.json,46.0,82.0,14.916666666666666,6.25
GEOEYE01,GEOEYE01,1.7746705,2019-01-02T03:17:07.000Z,16.378376,0.44356507,126.33524,60.16131,292.7296,sunda-tsunami,tsunami,1050010013BECF00,1024,1024,1024,1024,MjY0MjI2NQ.rs_RiUEZGNLk4ADmxf0GYfdZgTc,sunda-tsunami_00000026_post_disaster.png,105.83671406793346,-6.34935590831423,C:\Users\yanit\OneDrive\Bureau\Data Insights And Visualization\tier3\labels\sunda-tsunami_00000026_post_disaster.json,40.0,40.0,14.916666666666666,6.25
GEOEYE01,GEOEYE01,1.7746705,2019-01-02T03:17:07.000Z,16.378376,0.44356507,126.33524,60.16131,292.7296,sunda-tsunami,tsunami,1050010013BECF00,1024,1024,1024,1024,MjY0MjI2Nw.TAWC7wctR005_E9wdvM6NwkGEh0,sunda-tsunami_00000027_post_disaster.png,105.84977063919507,-6.394417609017754,C:\Users\yanit\OneDrive\Bureau\Data Insights And Visualization\tier3\labels\sunda-tsunami_00000027_post_disaster.json,208.0,75.0,14.916666666666666,6.25
GEOEYE01,GEOEYE01,1.7746705,2019-01-02T03:17:07.000Z,16.378376,0.44356507,126.33524,60.16131,292.7296,sunda-tsunami,tsunami,1050010013BECF00,1024,1024,1024,1024,MjY0MjI3MA.5Ab2EwOp4AZkq27TxD3nx_bkmuY,sunda-tsunami_00000028_post_disaster.png,105.83784939519033,-6.387338052225416,C:\Users\yanit\OneDrive\Bureau\Data Insights And Visualization\tier3\labels\sunda-tsunami_00000028_post_disaster.json,3.0,33.205128205128204,14.916666666666666,6.25
GEOEYE01,GEOEYE01,1.7746705,2019-01-02T03:17:07.000Z,16.378376,0.44356507,126.33524,60.16131,292.7296,sunda-tsunami,tsunami,1050010013BECF00,1024,1024,1024,1024,MjY0MjI3Mg.a3qEiZkL5vMhABP-o_myy7OdPjY,sunda-tsunami_00000029_post_disaster.png,105.84451904621048,-6.357075590929259,C:\Users\yanit\OneDrive\Bureau\Data Insights And Visualization\tier3\labels\sunda-tsunami_00000029_post_disaster.json,221.0,14.0,14.916666666666666,6.25
GEOEYE01,GEOEYE01,1.7746705,2019-01-02T03:17:07.000Z,16.378376,0.44356507,126.33524,60.16131,292.7296,sunda-tsunami,tsunami,1050010013BECF00,1024,1024,1024,1024,MjY0MjI3NA.FsaUq4ClKVaTayIEuKdXKCcOexE,sunda-tsunami_00000030_post_disaster.png,105.83598676904356,-6.376762280068765,C:\Users\yanit\OneDrive\Bureau\Data Insights And Visualization\tier3\labels\sunda-tsunami_00000030_post_disaster.json,85.0,15.0,2.0,3.0
GEOEYE01,GEOEYE01,1.7746705,2019-01-02T03:17:07.000Z,16.378376,0.44356507,126.33524,60.16131,292.7296,sunda-tsunami,tsunami,1050010013BECF00,1024,1024,1024,1024,MjY0MjI3Ng.RVPC6bdVj3CrK8SbxRse5TcdPNU,sunda-tsunami_00000031_post_disaster.png,105.84076017885575,-6.349992845297484,C:\Users\yanit\OneDrive\Bureau\Data Insights And Visualization\tier3\labels\sunda-tsunami_00000031_post_disaster.json,1.0,3.0,14.916666666666666,6.25
GEOEYE01,GEOEYE01,1.7746705,2019-01-02T03:17:07.000Z,16.378376,0.44356507,126.33524,60.16131,292.7296,sunda-tsunami,tsunami,1050010013BECF00,1024,1024,1024,1024,MjY0MjI3OA.yPutKMmtzyr-XaVpRMl_ERyaQpI,sunda-tsunami_00000032_post_disaster.png,105.85486815269059,-6.394194905705068,C:\Users\yanit\OneDrive\Bureau\Data Insights And Visualization\tier3\labels\sunda-tsunami_00000032_post_disaster.json,186.0,50.0,14.916666666666666,6.25
GEOEYE01,GEOEYE01,1.7746705,2019-01-02T03:17:07.000Z,16.378376,0.44356507,126.33524,60.16131,292.7296,sunda-tsunami,tsunami,1050010013BECF00,1024,1024,1024,1024,MjY0MjI3OQ.FYjdxn9El_kAA7atvTgKCSdi6UI,sunda-tsunami_00000033_post_disaster.png,105.85025622288929,-6.356609559540699,C:\Users\yanit\OneDrive\Bureau\Data Insights And Visualization\tier3\labels\sunda-tsunami_00000033_post_disaster.json,31.0,30.0,14.916666666666666,6.25
GEOEYE01,GEOEYE01,1.7746705,2019-01-02T03:17:07.000Z,16.378376,0.44356507,126.33524,60.16131,292.7296,sunda-tsunami,tsunami,1050010013BECF00,1024,1024,1024,1024,MjY0MjI4MQ.vqJN4cqQDP7OoR-8BSbkVsTvV_w,sunda-tsunami_00000034_post_disaster.png,105.84210237443543,-6.386231388260064,C:\Users\yanit\OneDrive\Bureau\Data Insights And Visualization\tier3\labels\sunda-tsunami_00000034_post_disaster.json,131.0,33.205128205128204,14.916666666666666,6.25
GEOEYE01,GEOEYE01,1.7746705,2019-01-02T03:17:07.000Z,16.378376,0.44356507,126.33524,60.16131,292.7296,sunda-tsunami,tsunami,1050010013BECF00,1024,1024,1024,1024,MjY0MjI4Mw.vb9tr1FbcG0ipgCgw7Kv5IR9sB4,sunda-tsunami_00000035_post_disaster.png,105.85844048650155,-6.393646343241293,C:\Users\yanit\OneDrive\Bureau\Data Insights And Visualization\tier3\labels\sunda-tsunami_00000035_post_disaster.json,168.0,57.0,14.916666666666666,6.25
GEOEYE01,GEOEYE01,1.7746705,2019-01-02T03:17:07.000Z,16.378376,0.44356507,126.33524,60.16131,292.7296,sunda-tsunami,tsunami,1050010013BECF00,1024,1024,1024,1024,MjY0MjI4NQ.QBtavS8l6D8PlPv7CAsTq_oWYXE,sunda-tsunami_00000036_post_disaster.png,105.84082879084416,-6.376879759958471,C:\Users\yanit\OneDrive\Bureau\Data Insights And Visualization\tier3\labels\sunda-tsunami_00000036_post_disaster.json,8.0,37.0,14.916666666666666,6.25
GEOEYE01,GEOEYE01,1.7746705,2019-01-02T03:17:07.000Z,16.378376,0.44356507,126.33524,60.16131,292.7296,sunda-tsunami,tsunami,1050010013BECF00,1024,1024,1024,1024,MjY0MjI4Nw.BMYAMQ79bXrJKVCP7j-vISh8Vbs,sunda-tsunami_00000037_post_disaster.png,105.84430262069318,-6.384400421874628,C:\Users\yanit\OneDrive\Bureau\Data Insights And Visualization\tier3\labels\sunda-tsunami_00000037_post_disaster.json,11.0,13.0,14.916666666666666,6.25
GEOEYE01,GEOEYE01,1.7746705,2019-01-02T03:17:07.000Z,16.378376,0.44356507,126.33524,60.16131,292.7296,sunda-tsunami,tsunami,1050010013BECF00,1024,1024,1024,1024,MjY0MjI4OQ.bBtOCO-lD9_Olv22uUkWgahisGs,sunda-tsunami_00000038_post_disaster.png,105.86439041832587,-6.394086104651692,C:\Users\yanit\OneDrive\Bureau\Data Insights And Visualization\tier3\labels\sunda-tsunami_00000038_post_disaster.json,153.02173913043478,171.0,14.916666666666666,6.25
GEOEYE01,GEOEYE01,1.7746705,2019-01-02T03:17:07.000Z,16.378376,0.44356507,126.33524,60.16131,292.7296,sunda-tsunami,tsunami,1050010013BECF00,1024,1024,1024,1024,MjY0MjI5MQ.3j9TvjFfey2ImjoBfZFdyDF2gno,sunda-tsunami_00000039_post_disaster.png,105.85137690723279,-6.383255802618322,C:\Users\yanit\OneDrive\Bureau\Data Insights And Visualization\tier3\labels\sunda-tsunami_00000039_post_disaster.json,153.02173913043478,1.0,14.916666666666666,6.25
GEOEYE01,GEOEYE01,1.7746705,2019-01-02T03:17:07.000Z,16.378376,0.44356507,126.33524,60.16131,292.7296,sunda-tsunami,tsunami,1050010013BECF00,1024,1024,1024,1024,MjY0MjI5Mw.ZLvM21VgI8vHeCmYieKIWNv4ZPI,sunda-tsunami_00000040_post_disaster.png,105.83448101081756,-6.393007163167814,C:\Users\yanit\OneDrive\Bureau\Data Insights And Visualization\tier3\labels\sunda-tsunami_00000040_post_disaster.json,153.02173913043478,33.205128205128204,14.916666666666666,6.25
GEOEYE01,GEOEYE01,1.7746705,2019-01-02T03:17:07.000Z,16.378376,0.44356507,126.33524,60.16131,292.7296,sunda-tsunami,tsunami,1050010013BECF00,1024,1024,1024,1024,MjY0MjI5NQ.S-xH8jwzOBvK88Mt4eb2pMwXGZ0,sunda-tsunami_00000041_post_disaster.png,105.8273011382755,-6.237617095498317,C:\Users\yanit\OneDrive\Bureau\Data Insights And Visualization\tier3\labels\sunda-tsunami_00000041_post_disaster.json,57.0,3.0,9.0,2.0
GEOEYE01,GEOEYE01,1.7746705,2019-01-02T03:17:07.000Z,16.378376,0.44356507,126.33524,60.16131,292.7296,sunda-tsunami,tsunami,1050010013BECF00,1024,1024,1024,1024,MjY0MjI5Nw.Xd5MrhgxPHyuEGdn-pn745HXKC4,sunda-tsunami_00000042_post_disaster.png,105.83238816555527,-6.229161541025142,C:\Users\yanit\OneDrive\Bureau\Data Insights And Visualization\tier3\labels\sunda-tsunami_00000042_post_disaster.json,78.0,7.0,15.0,12.0
GEOEYE01,GEOEYE01,1.7746705,2019-01-02T03:17:07.000Z,16.378376,0.44356507,126.33524,60.16131,292.7296,sunda-tsunami,tsunami,1050010013BECF00,1024,1024,1024,1024,MjY0MjI5OQ.aPQINSbaFe74eFX95PkCSZtVrBY,sunda-tsunami_00000043_post_disaster.png,105.83069849966752,-6.235319441978731,C:\Users\yanit\OneDrive\Bureau\Data Insights And Visualization\tier3\labels\sunda-tsunami_00000043_post_disaster.json,153.02173913043478,3.0,14.916666666666666,6.25
GEOEYE01,GEOEYE01,1.7746705,2019-01-02T03:17:07.000Z,16.378376,0.44356507,126.33524,60.16131,292.7296,sunda-tsunami,tsunami,1050010013BECF00,1024,1024,1024,1024,MjY0MjMwMQ.8XfAOTAFomyy6foHi0ZqJauwFbc,sunda-tsunami_00000044_post_disaster.png,105.83448101081756,-6.393007163167814,C:\Users\yanit\OneDrive\Bureau\Data Insights And Visualization\tier3\labels\sunda-tsunami_00000044_post_disaster.json,153.02173913043478,33.205128205128204,14.916666666666666,6.25
GEOEYE01,GEOEYE01,1.7746705,2019-01-02T03:17:07.000Z,16.378376,0.44356507,126.33524,60.16131,292.7296,sunda-tsunami,tsunami,1050010013BECF00,1024,1024,1024,1024,MjY0MjMwMw.ztaZTqJuVnW0Vm9v6OVMkbfg1V8,sunda-tsunami_00000045_post_disaster.png,105.83692573275368,-6.228409880281294,C:\Users\yanit\OneDrive\Bureau\Data Insights And Visualization\tier3\labels\sunda-tsunami_00000045_post_disaster.json,31.0,4.0,14.916666666666666,10.0
GEOEYE01,GEOEYE01,1.7746705,2019-01-02T03:17:07.000Z,16.378376,0.44356507,126.33524,60.16131,292.7296,sunda-tsunami,tsunami,1050010013BECF00,1024,1024,1024,1024,MjY0MjMwNQ.FHmHsYiyZX1cigoldmalvz0pgbE,sunda-tsunami_00000046_post_disaster.png,105.82735867702117,-6.243136202092807,C:\Users\yanit\OneDrive\Bureau\Data Insights And Visualization\tier3\labels\sunda-tsunami_00000046_post_disaster.json,45.0,33.205128205128204,14.916666666666666,6.25
GEOEYE01,GEOEYE01,1.7746705,2019-01-02T03:17:07.000Z,16.378376,0.44356507,126.33524,60.16131,292.7296,sunda-tsunami,tsunami,1050010013BECF00,1024,1024,1024,1024,MjY0MjMwNw.C_yrAhQhKE43g9bR8bV7IYTMHp8,sunda-tsunami_00000047_post_disaster.png,105.84039961133243,-6.23010011272323,C:\Users\yanit\OneDrive\Bureau\Data Insights And Visualization\tier3\labels\sunda-tsunami_00000047_post_disaster.json,36.0,13.0,14.916666666666666,2.0
GEOEYE01,GEOEYE01,1.7746705,2019-01-02T03:17:07.000Z,16.378376,0.44356507,126.33524,60.16131,292.7296,sunda-tsunami,tsunami,1050010013BECF00,1024,1024,1024,1024,MjY0MjMwOQ.RshFKxivl0GXKHGZBnJcnkW9Hrg,sunda-tsunami_00000048_post_disaster.png,105.83448101081756,-6.393007163167814,C:\Users\yanit\OneDrive\Bureau\Data Insights And Visualization\tier3\labels\sunda-tsunami_00000048_post_disaster.json,153.02173913043478,33.205128205128204,14.916666666666666,6.25
GEOEYE01,GEOEYE01,1.7746705,2019-01-02T03:17:07.000Z,16.378376,0.44356507,126.33524,60.16131,292.7296,sunda-tsunami,tsunami,1050010013BECF00,1024,1024,1024,1024,MjY0MjMxMQ.Eadn_NDHcxJfYPiO9CuvnH9UVTE,sunda-tsunami_00000049_post_disaster.png,105.82383618884488,-6.3634902534955975,C:\Users\yanit\OneDrive\Bureau\Data Insights And Visualization\tier3\labels\sunda-tsunami_00000049_post_disaster.json,91.0,3.0,14.916666666666666,6.25
GEOEYE01,GEOEYE01,1.7746705,2019-01-02T03:17:07.000Z,16.378376,0.44356507,126.33524,60.16131,292.7296,sunda-tsunami,tsunami,1050010013BECF00,1024,1024,1024,1024,MjY0MjMxMw.9yUvMskLrbd-pfMrJ3uPnbH16f8,sunda-tsunami_00000050_post_disaster.png,105.83448101081756,-6.393007163167814,C:\Users\yanit\OneDrive\Bureau\Data Insights And Visualization\tier3\labels\sunda-tsunami_00000050_post_disaster.json,153.02173913043478,33.205128205128204,14.916666666666666,6.25
GEOEYE01,GEOEYE01,1.7746705,2019-01-02T03:17:07.000Z,16.378376,0.44356507,126.33524,60.16131,292.7296,sunda-tsunami,tsunami,1050010013BECF00,1024,1024,1024,1024,MjY0MjMxNQ.OtPHiqgqwgPIAX_snXGcSzfPNIk,sunda-tsunami_00000051_post_disaster.png,105.82401774293014,-6.354557847534177,C:\Users\yanit\OneDrive\Bureau\Data Insights And Visualization\tier3\labels\sunda-tsunami_00000051_post_disaster.json,9.0,50.0,14.916666666666666,6.25
GEOEYE01,GEOEYE01,1.7746705,2019-01-02T03:17:07.000Z,16.378376,0.44356507,126.33524,60.16131,292.7296,sunda-tsunami,tsunami,1050010013BECF00,1024,1024,1024,1024,MjY0MjMxNw.pejg5UuDL02-wkGJrmM5qV37VgI,sunda-tsunami_00000052_post_disaster.png,105.82331552410989,-6.371951483822155,C:\Users\yanit\OneDrive\Bureau\Data Insights And Visualization\tier3\labels\sunda-tsunami_00000052_post_disaster.json,966.0,11.0,37.0,13.0
GEOEYE01,GEOEYE01,1.7746705,2019-01-02T03:17:07.000Z,16.378376,0.44356507,126.33524,60.16131,292.7296,sunda-tsunami,tsunami,1050010013BECF00,1024,1024,1024,1024,MjY0MjMyMA.P3gg1zSJAkGXZx-8hk8vI6He1wA,sunda-tsunami_00000053_post_disaster.png,105.82603063999368,-6.362806618905576,C:\Users\yanit\OneDrive\Bureau\Data Insights And Visualization\tier3\labels\sunda-tsunami_00000053_post_disaster.json,136.0,22.0,14.916666666666666,6.25
GEOEYE01,GEOEYE01,1.7746705,2019-01-02T03:17:07.000Z,16.378376,0.44356507,126.33524,60.16131,292.7296,sunda-tsunami,tsunami,1050010013BECF00,1024,1024,1024,1024,MjY0MjMyMg.OudmQpod_sb-gDHtB0HfH61ruJ4,sunda-tsunami_00000054_post_disaster.png,105.82615130155364,-6.399894879313353,C:\Users\yanit\OneDrive\Bureau\Data Insights And Visualization\tier3\labels\sunda-tsunami_00000054_post_disaster.json,1.0,1.0,14.916666666666666,6.25
GEOEYE01,GEOEYE01,1.7746705,2019-01-02T03:17:07.000Z,16.378376,0.44356507,126.33524,60.16131,292.7296,sunda-tsunami,tsunami,1050010013BECF00,1024,1024,1024,1024,MjY0MjMyNA.2CDuSPl4ljkLJUndBK6r86ivZ1o,sunda-tsunami_00000055_post_disaster.png,105.82715168837159,-6.37214483368738,C:\Users\yanit\OneDrive\Bureau\Data Insights And Visualization\tier3\labels\sunda-tsunami_00000055_post_disaster.json,882.0,24.0,14.916666666666666,6.25
GEOEYE01,GEOEYE01,1.7746705,2019-01-02T03:17:07.000Z,16.378376,0.44356507,126.33524,60.16131,292.7296,sunda-tsunami,tsunami,1050010013BECF00,1024,1024,1024,1024,MjY0MjMyNg.XRH3c1GB8E2O7R4qh75X-EZ11HI,sunda-tsunami_00000056_post_disaster.png,105.8269695413154,-6.353388045424824,C:\Users\yanit\OneDrive\Bureau\Data Insights And Visualization\tier3\labels\sunda-tsunami_00000056_post_disaster.json,136.0,157.0,14.916666666666666,6.25
GEOEYE01,GEOEYE01,1.7746705,2019-01-02T03:17:07.000Z,16.378376,0.44356507,126.33524,60.16131,292.7296,sunda-tsunami,tsunami,1050010013BECF00,1024,1024,1024,1024,MjY0MjMyOA.8LjpPFTDESAgBQjvab02tD2q2O8,sunda-tsunami_00000057_post_disaster.png,105.83339631856613,-6.36230039124499,C:\Users\yanit\OneDrive\Bureau\Data Insights And Visualization\tier3\labels\sunda-tsunami_00000057_post_disaster.json,12.0,32.0,14.916666666666666,6.25
GEOEYE01,GEOEYE01,1.7746705,2019-01-02T03:17:07.000Z,16.378376,0.44356507,126.33524,60.16131,292.7296,sunda-tsunami,tsunami,1050010013BECF00,1024,1024,1024,1024,MjY0MjMzMA.gLCZc4YdTr3gQCWT3DPxVPNR3Jw,sunda-tsunami_00000058_post_disaster.png,105.83256013853548,-6.401100319376369,C:\Users\yanit\OneDrive\Bureau\Data Insights And Visualization\tier3\labels\sunda-tsunami_00000058_post_disaster.json,14.0,5.0,2.0,6.25
GEOEYE01,GEOEYE01,1.7746705,2019-01-02T03:17:07.000Z,16.378376,0.44356507,126.33524,60.16131,292.7296,sunda-tsunami,tsunami,1050010013BECF00,1024,1024,1024,1024,MjY0MjMzMg.wKsNN-I_hHidMK9YuH-D__UpUHU,sunda-tsunami_00000059_post_disaster.png,105.83174429533692,-6.371863735674795,C:\Users\yanit\OneDrive\Bureau\Data Insights And Visualization\tier3\labels\sunda-tsunami_00000059_post_disaster.json,770.0,33.205128205128204,14.916666666666666,6.25
GEOEYE01,GEOEYE01,1.7746705,2019-01-02T03:17:07.000Z,16.378376,0.44356507,126.33524,60.16131,292.7296,sunda-tsunami,tsunami,1050010013BECF00,1024,1024,1024,1024,MjY0MjMzNA.Wn1YJUqkUew6Wi8ikG9CD_qc-m8,sunda-tsunami_00000060_post_disaster.png,105.83154778561098,-6.35244899789724,C:\Users\yanit\OneDrive\Bureau\Data Insights And Visualization\tier3\labels\sunda-tsunami_00000060_post_disaster.json,144.0,48.0,14.916666666666666,6.25
GEOEYE01,GEOEYE01,1.7746705,2019-01-02T03:17:07.000Z,16.378376,0.44356507,126.33524,60.16131,292.7296,sunda-tsunami,tsunami,1050010013BECF00,1024,1024,1024,1024,MjY0MjMzNg.gr2KFlmCTPeWauIQPPKzW8XBi-c,sunda-tsunami_00000061_post_disaster.png,105.83417160229968,-6.360866730030087,C:\Users\yanit\OneDrive\Bureau\Data Insights And Visualization\tier3\labels\sunda-tsunami_00000061_post_disaster.json,153.02173913043478,7.0,14.916666666666666,6.25
GEOEYE01,GEOEYE01,1.7746705,2019-01-02T03:17:07.000Z,16.378376,0.44356507,126.33524,60.16131,292.7296,sunda-tsunami,tsunami,1050010013BECF00,1024,1024,1024,1024,MjY0MjMzOA.DS00tlBC488MdlHPjZI8vgmYOr4,sunda-tsunami_00000062_post_disaster.png,105.83448101081756,-6.393007163167814,C:\Users\yanit\OneDrive\Bureau\Data Insights And Visualization\tier3\labels\sunda-tsunami_00000062_post_disaster.json,153.02173913043478,33.205128205128204,14.916666666666666,6.25
GEOEYE01,GEOEYE01,1.7746705,2019-01-02T03:17:07.000Z,16.378376,0.44356507,126.33524,60.16131,292.7296,sunda-tsunami,tsunami,1050010013BECF00,1024,1024,1024,1024,MjY0MjM0MA.rFgd_qsjHxkSh5MsJjkuX_Mc2ss,sunda-tsunami_00000063_post_disaster.png,105.83573450901538,-6.372114346226995,C:\Users\yanit\OneDrive\Bureau\Data Insights And Visualization\tier3\labels\sunda-tsunami_00000063_post_disaster.json,204.0,2.0,14.916666666666666,6.25
GEOEYE01,GEOEYE01,1.7746705,2019-01-02T03:17:07.000Z,16.378376,0.44356507,126.33524,60.16131,292.7296,sunda-tsunami,tsunami,1050010013BECF00,1024,1024,1024,1024,MjY0MjM0Mg.a_SGSlRiqB7HzBAxL1OYVNznaAI,sunda-tsunami_00000064_post_disaster.png,105.83721257675995,-6.3979422771397765,C:\Users\yanit\OneDrive\Bureau\Data Insights And Visualization\tier3\labels\sunda-tsunami_00000064_post_disaster.json,135.0,33.205128205128204,14.916666666666666,6.25
GEOEYE01,GEOEYE01,1.7746705,2019-01-02T03:17:07.000Z,16.378376,0.44356507,126.33524,60.16131,292.7296,sunda-tsunami,tsunami,1050010013BECF00,1024,1024,1024,1024,MjY0MjM0NA.eVUN61TJ2K5DtpvsonQOfMQU92M,sunda-tsunami_00000065_post_disaster.png,105.83655671726751,-6.351886023269666,C:\Users\yanit\OneDrive\Bureau\Data Insights And Visualization\tier3\labels\sunda-tsunami_00000065_post_disaster.json,91.0,5.0,14.916666666666666,6.25
GEOEYE01,GEOEYE01,1.7746705,2019-01-02T03:17:07.000Z,16.378376,0.44356507,126.33524,60.16131,292.7296,sunda-tsunami,tsunami,1050010013BECF00,1024,1024,1024,1024,MjY0MjM0Ng.9IcSi-lRKG-kTr-dLSVsTTI5HOU,sunda-tsunami_00000066_post_disaster.png,105.83448101081756,-6.393007163167814,C:\Users\yanit\OneDrive\Bureau\Data Insights And Visualization\tier3\labels\sunda-tsunami_00000066_post_disaster.json,153.02173913043478,33.205128205128204,14.916666666666666,6.25
GEOEYE01,GEOEYE01,1.7746705,2019-01-02T03:17:07.000Z,16.378376,0.44356507,126.33524,60.16131,292.7296,sunda-tsunami,tsunami,1050010013BECF00,1024,1024,1024,1024,MjY0MjM0OA._UrGK2xuSad2iFl61_9TZyM05q4,sunda-tsunami_00000067_post_disaster.png,105.83448101081756,-6.393007163167814,C:\Users\yanit\OneDrive\Bureau\Data Insights And Visualization\tier3\labels\sunda-tsunami_00000067_post_disaster.json,153.02173913043478,33.205128205128204,14.916666666666666,6.25
GEOEYE01,GEOEYE01,1.7746705,2019-01-02T03:17:07.000Z,16.378376,0.44356507,126.33524,60.16131,292.7296,sunda-tsunami,tsunami,1050010013BECF00,1024,1024,1024,1024,MjY0MjM1MA.-ceRBrgw_qKFGjzLulHcSVwgTbg,sunda-tsunami_00000068_post_disaster.png,105.84302112735661,-6.3630749439089,C:\Users\yanit\OneDrive\Bureau\Data Insights And Visualization\tier3\labels\sunda-tsunami_00000068_post_disaster.json,5.0,33.205128205128204,14.916666666666666,6.25
GEOEYE01,GEOEYE01,1.7746705,2019-01-02T03:17:07.000Z,16.378376,0.44356507,126.33524,60.16131,292.7296,sunda-tsunami,tsunami,1050010013BECF00,1024,1024,1024,1024,MjY0MjM1Mg.OsVMG-wiSWTqRiEJ6bMVAO5QFIM,sunda-tsunami_00000069_post_disaster.png,105.83908856816716,-6.3721283243807525,C:\Users\yanit\OneDrive\Bureau\Data Insights And Visualization\tier3\labels\sunda-tsunami_00000069_post_disaster.json,34.0,33.205128205128204,14.916666666666666,6.25
GEOEYE01,GEOEYE01,1.7746705,2019-01-02T03:17:07.000Z,16.378376,0.44356507,126.33524,60.16131,292.7296,sunda-tsunami,tsunami,1050010013BECF00,1024,1024,1024,1024,MjY0MjM1NA.WN17i-D0wooxEkb8OImh0vyX7u4,sunda-tsunami_00000070_post_disaster.png,105.83873900475876,-6.400678202294421,C:\Users\yanit\OneDrive\Bureau\Data Insights And Visualization\tier3\labels\sunda-tsunami_00000070_post_disaster.json,153.02173913043478,1.0,14.916666666666666,6.25
GEOEYE01,GEOEYE01,1.7746705,2019-01-02T03:17:07.000Z,16.378376,0.44356507,126.33524,60.16131,292.7296,sunda-tsunami,tsunami,1050010013BECF00,1024,1024,1024,1024,MjY0MjM1Ng.qJiwWPhguVJmFahX70oLWobY_qE,sunda-tsunami_00000071_post_disaster.png,105.83448101081756,-6.393007163167814,C:\Users\yanit\OneDrive\Bureau\Data Insights And Visualization\tier3\labels\sunda-tsunami_00000071_post_disaster.json,153.02173913043478,33.205128205128204,14.916666666666666,6.25
GEOEYE01,GEOEYE01,1.7746705,2019-01-02T03:17:07.000Z,16.378376,0.44356507,126.33524,60.16131,292.7296,sunda-tsunami,tsunami,1050010013BECF00,1024,1024,1024,1024,MjY0MjM1OA.oirRRpg6AR23UhWh7sIEQViMCy0,sunda-tsunami_00000072_post_disaster.png,105.83448101081756,-6.393007163167814,C:\Users\yanit\OneDrive\Bureau\Data Insights And Visualization\tier3\labels\sunda-tsunami_00000072_post_disaster.json,153.02173913043478,33.205128205128204,14.916666666666666,6.25
GEOEYE01,GEOEYE01,1.7746705,2019-01-02T03:17:07.000Z,16.378376,0.44356507,126.33524,60.16131,292.7296,sunda-tsunami,tsunami,1050010013BECF00,1024,1024,1024,1024,MjY0MjM2MA.XmbBh9jbk-Cy-auhEAMomyHZYP0,sunda-tsunami_00000073_post_disaster.png,105.84142778880651,-6.352910155232304,C:\Users\yanit\OneDrive\Bureau\Data Insights And Visualization\tier3\labels\sunda-tsunami_00000073_post_disaster.json,60.0,37.0,14.916666666666666,6.25
GEOEYE01,GEOEYE01,1.7746705,2019-01-02T03:17:07.000Z,16.378376,0.44356507,126.33524,60.16131,292.7296,sunda-tsunami,tsunami,1050010013BECF00,1024,1024,1024,1024,MjY0MjM2Mg.rlzl8eaQoc7QoAZvPfvXoUU99ew,sunda-tsunami_00000074_post_disaster.png,105.84643919796088,-6.362227591443018,C:\Users\yanit\OneDrive\Bureau\Data Insights And Visualization\tier3\labels\sunda-tsunami_00000074_post_disaster.json,8.0,92.0,14.916666666666666,6.25
GEOEYE01,GEOEYE01,1.7746705,2019-01-02T03:17:07.000Z,16.378376,0.44356507,126.33524,60.16131,292.7296,sunda-tsunami,tsunami,1050010013BECF00,1024,1024,1024,1024,MjY0MjM2NA.Sjn3wiR01SFSViPC0_QEq-kVUkY,sunda-tsunami_00000075_post_disaster.png,105.83448101081756,-6.393007163167814,C:\Users\yanit\OneDrive\Bureau\Data Insights And Visualization\tier3\labels\sunda-tsunami_00000075_post_disaster.json,153.02173913043478,33.205128205128204,14.916666666666666,6.25
GEOEYE01,GEOEYE01,1.7746705,2019-01-02T03:17:07.000Z,16.378376,0.44356507,126.33524,60.16131,292.7296,sunda-tsunami,tsunami,1050010013BECF00,1024,1024,1024,1024,MjY0MjM2Ng.qUR4JsFRFbtOWNuSojAeUL5SiI4,sunda-tsunami_00000076_post_disaster.png,105.82272194200878,-6.380808198639489,C:\Users\yanit\OneDrive\Bureau\Data Insights And Visualization\tier3\labels\sunda-tsunami_00000076_post_disaster.json,559.0,1.0,14.916666666666666,6.25
GEOEYE01,GEOEYE01,1.7746705,2019-01-02T03:17:07.000Z,16.378376,0.44356507,126.33524,60.16131,292.7296,sunda-tsunami,tsunami,1050010013BECF00,1024,1024,1024,1024,MjY0MjM2OA.2RNRKVrZ5PV6F9wWtR-pd2-vZ7U,sunda-tsunami_00000077_post_disaster.png,105.83448101081756,-6.393007163167814,C:\Users\yanit\OneDrive\Bureau\Data Insights And Visualization\tier3\labels\sunda-tsunami_00000077_post_disaster.json,153.02173913043478,33.205128205128204,14.916666666666666,6.25
GEOEYE01,GEOEYE01,1.7746705,2019-01-02T03:17:07.000Z,16.378376,0.44356507,126.33524,60.16131,292.7296,sunda-tsunami,tsunami,1050010013BECF00,1024,1024,1024,1024,MjY0MjM3MA.NxDiq0YPuRVZbGTukFXi0X9tQ9o,sunda-tsunami_00000078_post_disaster.png,105.84699343363789,-6.3994750719059015,C:\Users\yanit\OneDrive\Bureau\Data Insights And Visualization\tier3\labels\sunda-tsunami_00000078_post_disaster.json,25.0,111.0,14.916666666666666,6.25
GEOEYE01,GEOEYE01,1.7746705,2019-01-02T03:17:07.000Z,16.378376,0.44356507,126.33524,60.16131,292.7296,sunda-tsunami,tsunami,1050010013BECF00,1024,1024,1024,1024,MjY0MjM3Mg.s0crbQnbnsq-hL6CFhAh1opWh5k,sunda-tsunami_00000079_post_disaster.png,105.81010298061507,-6.396369032299365,C:\Users\yanit\OneDrive\Bureau\Data Insights And Visualization\tier3\labels\sunda-tsunami_00000079_post_disaster.json,153.02173913043478,33.205128205128204,14.916666666666666,2.0
GEOEYE01,GEOEYE01,1.7746705,2019-01-02T03:17:07.000Z,16.378376,0.44356507,126.33524,60.16131,292.7296,sunda-tsunami,tsunami,1050010013BECF00,1024,1024,1024,1024,MjY0MjM3NA.9LvH43CeI0vuNm7I21Sks-7DXVQ,sunda-tsunami_00000080_post_disaster.png,105.84587449143409,-6.3532407643699695,C:\Users\yanit\OneDrive\Bureau\Data Insights And Visualization\tier3\labels\sunda-tsunami_00000080_post_disaster.json,74.0,141.0,14.916666666666666,6.25
GEOEYE01,GEOEYE01,1.7746705,2019-01-02T03:17:07.000Z,16.378376,0.44356507,126.33524,60.16131,292.7296,sunda-tsunami,tsunami,1050010013BECF00,1024,1024,1024,1024,MjY0MjM3NQ.iAI6SsoAJsgpEh6MLvMeM0qPXkM,sunda-tsunami_00000081_post_disaster.png,105.84982994657895,-6.362379516158774,C:\Users\yanit\OneDrive\Bureau\Data Insights And Visualization\tier3\labels\sunda-tsunami_00000081_post_disaster.json,153.02173913043478,134.0,14.916666666666666,6.25
GEOEYE01,GEOEYE01,1.7746705,2019-01-02T03:17:07.000Z,16.378376,0.44356507,126.33524,60.16131,292.7296,sunda-tsunami,tsunami,1050010013BECF00,1024,1024,1024,1024,MjY0MjM3Nw.53LIbJkusvEzhWi20av7Pmcu7sc,sunda-tsunami_00000082_post_disaster.png,105.8505960121577,-6.399217862447941,C:\Users\yanit\OneDrive\Bureau\Data Insights And Visualization\tier3\labels\sunda-tsunami_00000082_post_disaster.json,119.0,88.0,14.916666666666666,6.25
GEOEYE01,GEOEYE01,1.7746705,2019-01-02T03:17:07.000Z,16.378376,0.44356507,126.33524,60.16131,292.7296,sunda-tsunami,tsunami,1050010013BECF00,1024,1024,1024,1024,MjY0MjM3OQ.gO6bWQ3g90Wt_fiEOLyvFcmeMto,sunda-tsunami_00000083_post_disaster.png,105.83075193445283,-6.390827975435691,C:\Users\yanit\OneDrive\Bureau\Data Insights And Visualization\tier3\labels\sunda-tsunami_00000083_post_disaster.json,11.0,33.205128205128204,14.916666666666666,6.25
GEOEYE01,GEOEYE01,1.7746705,2019-01-02T03:17:07.000Z,16.378376,0.44356507,126.33524,60.16131,292.7296,sunda-tsunami,tsunami,1050010013BECF00,1024,1024,1024,1024,MjY0MjM4MQ.YwOwvAD-KIq1Yooa_IL03ctOIxg,sunda-tsunami_00000084_post_disaster.png,105.82689720003388,-6.380026552550191,C:\Users\yanit\OneDrive\Bureau\Data Insights And Visualization\tier3\labels\sunda-tsunami_00000084_post_disaster.json,474.0,1.0,14.916666666666666,6.25
GEOEYE01,GEOEYE01,1.7746705,2019-01-02T03:17:07.000Z,16.378376,0.44356507,126.33524,60.16131,292.7296,sunda-tsunami,tsunami,1050010013BECF00,1024,1024,1024,1024,MjY0MjM4Mw.YDGLykP3hkHUmFpFMno2PqxzZCI,sunda-tsunami_00000085_post_disaster.png,105.84953501891219,-6.354048064494451,C:\Users\yanit\OneDrive\Bureau\Data Insights And Visualization\tier3\labels\sunda-tsunami_00000085_post_disaster.json,17.0,74.0,14.916666666666666,6.25
GEOEYE01,GEOEYE01,1.7746705,2019-01-02T03:17:07.000Z,16.378376,0.44356507,126.33524,60.16131,292.7296,sunda-tsunami,tsunami,1050010013BECF00,1024,1024,1024,1024,MjY0MjM4NQ.-NCJ1onytBwRc7a6zAFfPBnLVgw,sunda-tsunami_00000086_post_disaster.png,105.83448101081756,-6.393007163167814,C:\Users\yanit\OneDrive\Bureau\Data Insights And Visualization\tier3\labels\sunda-tsunami_00000086_post_disaster.json,153.02173913043478,33.205128205128204,14.916666666666666,6.25
GEOEYE01,GEOEYE01,1.7746705,2019-01-02T03:17:07.000Z,16.378376,0.44356507,126.33524,60.16131,292.7296,sunda-tsunami,tsunami,1050010013BECF00,1024,1024,1024,1024,MjY0MjM4Nw.VuTYGPcuxPmIVNHDH8g9yEMN7ss,sunda-tsunami_00000087_post_disaster.png,105.83816718139084,-6.389928887473084,C:\Users\yanit\OneDrive\Bureau\Data Insights And Visualization\tier3\labels\sunda-tsunami_00000087_post_disaster.json,64.0,33.205128205128204,14.916666666666666,6.25
GEOEYE01,GEOEYE01,1.7746705,2019-01-02T03:17:07.000Z,16.378376,0.44356507,126.33524,60.16131,292.7296,sunda-tsunami,tsunami,1050010013BECF00,1024,1024,1024,1024,MjY0MjM4OQ.tAZuPIPynNz58qSHhLLIQPYm1Ms,sunda-tsunami_00000088_post_disaster.png,105.83448101081756,-6.393007163167814,C:\Users\yanit\OneDrive\Bureau\Data Insights And Visualization\tier3\labels\sunda-tsunami_00000088_post_disaster.json,153.02173913043478,33.205128205128204,14.916666666666666,6.25
GEOEYE01,GEOEYE01,1.7746705,2019-01-02T03:17:07.000Z,16.378376,0.44356507,126.33524,60.16131,292.7296,sunda-tsunami,tsunami,1050010013BECF00,1024,1024,1024,1024,MjY0MjM5MQ.k8cYo1RjZGqSkUFzbd1Nm8FGVTI,sunda-tsunami_00000089_post_disaster.png,105.83448101081756,-6.393007163167814,C:\Users\yanit\OneDrive\Bureau\Data Insights And Visualization\tier3\labels\sunda-tsunami_00000089_post_disaster.json,153.02173913043478,33.205128205128204,14.916666666666666,6.25
GEOEYE01,GEOEYE01,1.7746705,2019-01-02T03:17:07.000Z,16.378376,0.44356507,126.33524,60.16131,292.7296,sunda-tsunami,tsunami,1050010013BECF00,1024,1024,1024,1024,MjY0MjM5Mw.ihtnFGTpqbuuRqux-IZQuOuNToY,sunda-tsunami_00000090_post_disaster.png,105.83132544169689,-6.3802534966745865,C:\Users\yanit\OneDrive\Bureau\Data Insights And Visualization\tier3\labels\sunda-tsunami_00000090_post_disaster.json,296.0,33.205128205128204,14.916666666666666,6.25
GEOEYE01,GEOEYE01,1.7746705,2019-01-02T03:17:07.000Z,16.378376,0.44356507,126.33524,60.16131,292.7296,sunda-tsunami,tsunami,1050010013BECF00,1024,1024,1024,1024,MjY0MjM5NQ.DtPngIgWXHW4KPvIy0685FyDa9Y,sunda-tsunami_00000091_post_disaster.png,105.83448101081756,-6.393007163167814,C:\Users\yanit\OneDrive\Bureau\Data Insights And Visualization\tier3\labels\sunda-tsunami_00000091_post_disaster.json,153.02173913043478,33.205128205128204,14.916666666666666,6.25
GEOEYE01,GEOEYE01,1.7746705,2019-01-02T03:17:07.000Z,16.378376,0.44356507,126.33524,60.16131,292.7296,sunda-tsunami,tsunami,1050010013BECF00,1024,1024,1024,1024,MjY0MjM5Nw.0tTMB1DO7WoHvzbcGHTOxp44Ewo,sunda-tsunami_00000092_post_disaster.png,105.83448101081756,-6.393007163167814,C:\Users\yanit\OneDrive\Bureau\Data Insights And Visualization\tier3\labels\sunda-tsunami_00000092_post_disaster.json,153.02173913043478,33.205128205128204,14.916666666666666,6.25
GEOEYE01,GEOEYE01,1.7746705,2019-01-02T03:17:07.000Z,16.378376,0.44356507,126.33524,60.16131,292.7296,sunda-tsunami,tsunami,1050010013BECF00,1024,1024,1024,1024,MjY0MjM5OQ.P97SQtkRUBrHIUUNjKwqTJgi5ZU,sunda-tsunami_00000093_post_disaster.png,105.83448101081756,-6.393007163167814,C:\Users\yanit\OneDrive\Bureau\Data Insights And Visualization\tier3\labels\sunda-tsunami_00000093_post_disaster.json,153.02173913043478,33.205128205128204,14.916666666666666,6.25
GEOEYE01,GEOEYE01,1.7746705,2019-01-02T03:17:07.000Z,16.378376,0.44356507,126.33524,60.16131,292.7296,sunda-tsunami,tsunami,1050010013BECF00,1024,1024,1024,1024,MjY0MjQwMQ.93SEWK9Z4hk4DShaPRz3QBcWvJs,sunda-tsunami_00000094_post_disaster.png,105.8294747784703,-6.233876189801716,C:\Users\yanit\OneDrive\Bureau\Data Insights And Visualization\tier3\labels\sunda-tsunami_00000094_post_disaster.json,153.02173913043478,1.0,14.916666666666666,6.25
GEOEYE01,GEOEYE01,1.7746705,2019-01-02T03:17:07.000Z,16.378376,0.44356507,126.33524,60.16131,292.7296,sunda-tsunami,tsunami,1050010013BECF00,1024,1024,1024,1024,MjY0MjQwNA.u2OC7wW9ZmxV6og6NutzpHndUzg,sunda-tsunami_00000095_post_disaster.png,105.83451964860018,-6.379350294735021,C:\Users\yanit\OneDrive\Bureau\Data Insights And Visualization\tier3\labels\sunda-tsunami_00000095_post_disaster.json,13.0,5.0,14.916666666666666,6.25
GEOEYE01,GEOEYE01,1.7746705,2019-01-02T03:17:07.000Z,16.378376,0.44356507,126.33524,60.16131,292.7296,sunda-tsunami,tsunami,1050010013BECF00,1024,1024,1024,1024,MjY0MjQwNg.CGLlKi0YaCSYa2URvSealWTYIEk,sunda-tsunami_00000096_post_disaster.png,105.84063221745157,-6.390825494408969,C:\Users\yanit\OneDrive\Bureau\Data Insights And Visualization\tier3\labels\sunda-tsunami_00000096_post_disaster.json,305.0,33.205128205128204,14.916666666666666,6.25
GEOEYE01,GEOEYE01,1.7746705,2019-01-02T03:17:07.000Z,16.378376,0.44356507,126.33524,60.16131,292.7296,sunda-tsunami,tsunami,1050010013BECF00,1024,1024,1024,1024,MjY0MjQxMA.LaqRmz4yHnlXRTwyGyM_7kssaYY,sunda-tsunami_00000097_post_disaster.png,105.83448101081756,-6.393007163167814,C:\Users\yanit\OneDrive\Bureau\Data Insights And Visualization\tier3\labels\sunda-tsunami_00000097_post_disaster.json,153.02173913043478,33.205128205128204,14.916666666666666,6.25
GEOEYE01,GEOEYE01,1.7746705,2019-01-02T03:17:07.000Z,16.378376,0.44356507,126.33524,60.16131,292.7296,sunda-tsunami,tsunami,1050010013BECF00,1024,1024,1024,1024,MjY0MjQxNA.Gydqxoz-0jQn5z3rdP63cmm3XUQ,sunda-tsunami_00000098_post_disaster.png,105.83266100457726,-6.222732533790842,C:\Users\yanit\OneDrive\Bureau\Data Insights And Visualization\tier3\labels\sunda-tsunami_00000098_post_disaster.json,12.0,4.0,14.916666666666666,1.0
GEOEYE01,GEOEYE01,1.7746705,2019-01-02T03:17:07.000Z,16.378376,0.44356507,126.33524,60.16131,292.7296,sunda-tsunami,tsunami,1050010013BECF00,1024,1024,1024,1024,MjY0MjQxNg.rfq8r9OxWwGbZo2Mbgf9Eh1zqro,sunda-tsunami_00000099_post_disaster.png,105.83206124105752,-6.2329393464967255,C:\Users\yanit\OneDrive\Bureau\Data Insights And Visualization\tier3\labels\sunda-tsunami_00000099_post_disaster.json,454.0,27.0,8.0,23.0
GEOEYE01,GEOEYE01,1.7746705,2019-01-02T03:17:07.000Z,16.378376,0.44356507,126.33524,60.16131,292.7296,sunda-tsunami,tsunami,1050010013BECF00,1024,1024,1024,1024,MjY0MjQxOA.6NzbBYf04kWcHx3grGfEOpWrN8s,sunda-tsunami_00000100_post_disaster.png,105.841722758382,-6.380278977858489,C:\Users\yanit\OneDrive\Bureau\Data Insights And Visualization\tier3\labels\sunda-tsunami_00000100_post_disaster.json,10.0,2.0,14.916666666666666,6.25
GEOEYE01,GEOEYE01,1.7746705,2019-01-02T03:17:07.000Z,16.378376,0.44356507,126.33524,60.16131,292.7296,sunda-tsunami,tsunami,1050010013BECF00,1024,1024,1024,1024,MjY0MjQxOQ.He5ZmLb7K239Mth1_xJjLqmm8fQ,sunda-tsunami_00000101_post_disaster.png,105.84581275549351,-6.392036755302732,C:\Users\yanit\OneDrive\Bureau\Data Insights And Visualization\tier3\labels\sunda-tsunami_00000101_post_disaster.json,25.0,33.205128205128204,14.916666666666666,6.25
GEOEYE01,GEOEYE01,1.7746705,2019-01-02T03:17:07.000Z,16.378376,0.44356507,126.33524,60.16131,292.7296,sunda-tsunami,tsunami,1050010013BECF00,1024,1024,1024,1024,MjY0MjQyMQ.FoZJfE5MbNaT2Pplv7eYLWxUfwc,sunda-tsunami_00000102_post_disaster.png,105.83448101081756,-6.393007163167814,C:\Users\yanit\OneDrive\Bureau\Data Insights And Visualization\tier3\labels\sunda-tsunami_00000102_post_disaster.json,153.02173913043478,33.205128205128204,14.916666666666666,6.25
GEOEYE01,GEOEYE01,1.7746705,2019-01-02T03:17:07.000Z,16.378376,0.44356507,126.33524,60.16131,292.7296,sunda-tsunami,tsunami,1050010013BECF00,1024,1024,1024,1024,MjY0MjQyMw.7WYly2PWszVrNJtEqvcgGMhEZyw,sunda-tsunami_00000103_post_disaster.png,105.83655753421209,-6.2315197944414304,C:\Users\yanit\OneDrive\Bureau\Data Insights And Visualization\tier3\labels\sunda-tsunami_00000103_post_disaster.json,7.0,5.0,14.916666666666666,6.25
GEOEYE01,GEOEYE01,1.7746705,2019-01-02T03:17:07.000Z,16.378376,0.44356507,126.33524,60.16131,292.7296,sunda-tsunami,tsunami,1050010013BECF00,1024,1024,1024,1024,MjY0MjQyNQ.eRWJwBW0c1Gc2FsLJ_DLoN_5b1s,sunda-tsunami_00000104_post_disaster.png,105.84965958956138,-6.391049473925518,C:\Users\yanit\OneDrive\Bureau\Data Insights And Visualization\tier3\labels\sunda-tsunami_00000104_post_disaster.json,57.0,12.0,14.916666666666666,6.25
GEOEYE01,GEOEYE01,1.7746705,2019-01-02T03:17:07.000Z,16.378376,0.44356507,126.33524,60.16131,292.7296,sunda-tsunami,tsunami,1050010013BECF00,1024,1024,1024,1024,MjY0MjQyNw._RngdsQKt2bIuRM7ySTdp57cLNE,sunda-tsunami_00000105_post_disaster.png,105.83981765782042,-6.231123505739353,C:\Users\yanit\OneDrive\Bureau\Data Insights And Visualization\tier3\labels\sunda-tsunami_00000105_post_disaster.json,82.0,24.0,14.916666666666666,6.25
GEOEYE01,GEOEYE01,1.7746705,2019-01-02T03:17:07.000Z,16.378376,0.44356507,126.33524,60.16131,292.7296,sunda-tsunami,tsunami,1050010013BECF00,1024,1024,1024,1024,MjY0MjQyOQ.Rb4mi6MmmmUfcaF4chhnxO8em5Q,sunda-tsunami_00000106_post_disaster.png,105.84189626995007,-6.224900397365642,C:\Users\yanit\OneDrive\Bureau\Data Insights And Visualization\tier3\labels\sunda-tsunami_00000106_post_disaster.json,32.0,33.205128205128204,14.916666666666666,6.25
GEOEYE01,GEOEYE01,1.7746705,2019-01-02T03:17:07.000Z,16.378376,0.44356507,126.33524,60.16131,292.7296,sunda-tsunami,tsunami,1050010013BECF00,1024,1024,1024,1024,MjY0MjQzMQ.QESQlK2UDq3gCkKP4d9Ui1ZcCFs,sunda-tsunami_00000107_post_disaster.png,105.85553387281504,-6.391003879152804,C:\Users\yanit\OneDrive\Bureau\Data Insights And Visualization\tier3\labels\sunda-tsunami_00000107_post_disaster.json,41.0,7.0,14.916666666666666,6.25
GEOEYE01,GEOEYE01,1.7746705,2019-01-02T03:17:07.000Z,16.378376,0.44356507,126.33524,60.16131,292.7296,sunda-tsunami,tsunami,1050010013BECF00,1024,1024,1024,1024,MjY0MjQzMw._3qNFWVEDW9riO0ZvfRBIX3aTD4,sunda-tsunami_00000108_post_disaster.png,105.85961187438745,-6.390846735617368,C:\Users\yanit\OneDrive\Bureau\Data Insights And Visualization\tier3\labels\sunda-tsunami_00000108_post_disaster.json,73.0,83.0,14.916666666666666,6.25
GEOEYE01,GEOEYE01,1.7746705,2019-01-02T03:17:07.000Z,16.378376,0.44356507,126.33524,60.16131,292.7296,sunda-tsunami,tsunami,1050010013BECF00,1024,1024,1024,1024,MjY0MjQzNQ.zCvxSewWv2D9ATjxQ97Oyq3RFmA,sunda-tsunami_00000109_post_disaster.png,105.82793774994494,-6.248026328303136,C:\Users\yanit\OneDrive\Bureau\Data Insights And Visualization\tier3\labels\sunda-tsunami_00000109_post_disaster.json,18.0,33.205128205128204,23.0,6.0
GEOEYE01,GEOEYE01,1.7746705,2019-01-02T03:17:07.000Z,16.378376,0.44356507,126.33524,60.16131,292.7296,sunda-tsunami,tsunami,1050010013BECF00,1024,1024,1024,1024,MjY0MjQzNw.0id4ZKeCdu6VzbV7o_DlCXMcPtI,sunda-tsunami_00000110_post_disaster.png,105.86406433363845,-6.3905461859487716,C:\Users\yanit\OneDrive\Bureau\Data Insights And Visualization\tier3\labels\sunda-tsunami_00000110_post_disaster.json,153.02173913043478,260.0,14.916666666666666,6.25
GEOEYE01,GEOEYE01,1.7746705,2019-01-02T03:17:07.000Z,16.378376,0.44356507,126.33524,60.16131,292.7296,sunda-tsunami,tsunami,1050010013BECF00,1024,1024,1024,1024,MjY0MjQzOQ.VccEeQtf3Wf4KPe4aoJKfsj9vlo,sunda-tsunami_00000111_post_disaster.png,105.83448101081756,-6.393007163167814,C:\Users\yanit\OneDrive\Bureau\Data Insights And Visualization\tier3\labels\sunda-tsunami_00000111_post_disaster.json,153.02173913043478,33.205128205128204,14.916666666666666,6.25
GEOEYE01,GEOEYE01,1.7746705,2019-01-02T03:17:07.000Z,16.378376,0.44356507,126.33524,60.16131,292.7296,sunda-tsunami,tsunami,1050010013BECF00,1024,1024,1024,1024,MjY0MjQ0MQ.bHGSAcHkxaMTTDvncL3as3lBb1I,sunda-tsunami_00000112_post_disaster.png,105.83448101081756,-6.393007163167814,C:\Users\yanit\OneDrive\Bureau\Data Insights And Visualization\tier3\labels\sunda-tsunami_00000112_post_disaster.json,153.02173913043478,33.205128205128204,14.916666666666666,6.25
GEOEYE01,GEOEYE01,1.7746705,2019-01-02T03:17:07.000Z,16.378376,0.44356507,126.33524,60.16131,292.7296,sunda-tsunami,tsunami,1050010013BECF00,1024,1024,1024,1024,MjY0MjQ0Mw.IgRV5CXll4LAoRKEWCOT226ISkA,sunda-tsunami_00000113_post_disaster.png,105.83448101081756,-6.393007163167814,C:\Users\yanit\OneDrive\Bureau\Data Insights And Visualization\tier3\labels\sunda-tsunami_00000113_post_disaster.json,153.02173913043478,33.205128205128204,14.916666666666666,6.25
GEOEYE01,GEOEYE01,1.7746705,2019-01-02T03:17:07.000Z,16.378376,0.44356507,126.33524,60.16131,292.7296,sunda-tsunami,tsunami,1050010013BECF00,1024,1024,1024,1024,MjY0MjQ0Nw.pPD1u1J1W3pI9hzhrL6WoNp1f9I,sunda-tsunami_00000114_post_disaster.png,105.83448101081756,-6.393007163167814,C:\Users\yanit\OneDrive\Bureau\Data Insights And Visualization\tier3\labels\sunda-tsunami_00000114_post_disaster.json,153.02173913043478,33.205128205128204,14.916666666666666,6.25
GEOEYE01,GEOEYE01,1.7746705,2019-01-02T03:17:07.000Z,16.378376,0.44356507,126.33524,60.16131,292.7296,sunda-tsunami,tsunami,1050010013BECF00,1024,1024,1024,1024,MjY0MjQ0OQ.xOSr8pEwLf6XNx8yo5mKjemKHbE,sunda-tsunami_00000115_post_disaster.png,105.83448101081756,-6.393007163167814,C:\Users\yanit\OneDrive\Bureau\Data Insights And Visualization\tier3\labels\sunda-tsunami_00000115_post_disaster.json,153.02173913043478,33.205128205128204,14.916666666666666,6.25
GEOEYE01,GEOEYE01,1.7746705,2019-01-02T03:17:07.000Z,16.378376,0.44356507,126.33524,60.16131,292.7296,sunda-tsunami,tsunami,1050010013BECF00,1024,1024,1024,1024,MjY0MjQ1MQ.zx9EyA7Q06Z7NmB7YYjYR3ZUHnU,sunda-tsunami_00000116_post_disaster.png,105.83448101081756,-6.393007163167814,C:\Users\yanit\OneDrive\Bureau\Data Insights And Visualization\tier3\labels\sunda-tsunami_00000116_post_disaster.json,153.02173913043478,33.205128205128204,14.916666666666666,6.25
GEOEYE01,GEOEYE01,1.7746705,2019-01-02T03:17:07.000Z,16.378376,0.44356507,126.33524,60.16131,292.7296,sunda-tsunami,tsunami,1050010013BECF00,1024,1024,1024,1024,MjY0MjQ1Mg.C2UVHgp3coh_Axf66txPL5rsESE,sunda-tsunami_00000117_post_disaster.png,105.83448101081756,-6.393007163167814,C:\Users\yanit\OneDrive\Bureau\Data Insights And Visualization\tier3\labels\sunda-tsunami_00000117_post_disaster.json,153.02173913043478,33.205128205128204,14.916666666666666,6.25
GEOEYE01,GEOEYE01,1.7746705,2019-01-02T03:17:07.000Z,16.378376,0.44356507,126.33524,60.16131,292.7296,sunda-tsunami,tsunami,1050010013BECF00,1024,1024,1024,1024,MjY0MjQ1Mw.ddWS_TAwFPyHBne5lyTWKyEOdhY,sunda-tsunami_00000118_post_disaster.png,105.82192438543781,-6.763253603386016,C:\Users\yanit\OneDrive\Bureau\Data Insights And Visualization\tier3\labels\sunda-tsunami_00000118_post_disaster.json,94.0,7.0,1.0,6.25
GEOEYE01,GEOEYE01,1.7746705,2019-01-02T03:17:07.000Z,16.378376,0.44356507,126.33524,60.16131,292.7296,sunda-tsunami,tsunami,1050010013BECF00,1024,1024,1024,1024,MjY0MjQ1NA.yY2_D0zzLjUU-cmaqJTj9ww4cr0,sunda-tsunami_00000119_post_disaster.png,105.82800850631014,-6.7639159476983375,C:\Users\yanit\OneDrive\Bureau\Data Insights And Visualization\tier3\labels\sunda-tsunami_00000119_post_disaster.json,10.0,5.0,14.916666666666666,6.25
GEOEYE01,GEOEYE01,1.7746705,2019-01-02T03:17:07.000Z,16.378376,0.44356507,126.33524,60.16131,292.7296,sunda-tsunami,tsunami,1050010013BECF00,1024,1024,1024,1024,MjY0MjQ1NQ.AekjafFWHZ4L9_wzNZ1HGZGShNE,sunda-tsunami_00000120_post_disaster.png,105.831635132841,-6.764995414048947,C:\Users\yanit\OneDrive\Bureau\Data Insights And Visualization\tier3\labels\sunda-tsunami_00000120_post_disaster.json,47.0,1.0,14.916666666666666,1.0
GEOEYE01,GEOEYE01,1.7746705,2019-01-02T03:17:07.000Z,16.378376,0.44356507,126.33524,60.16131,292.7296,sunda-tsunami,tsunami,1050010013BECF00,1024,1024,1024,1024,MjY0MjQ1Ng.AVPZHT_F-j-L194piU9MIOfhzxE,sunda-tsunami_00000121_post_disaster.png,105.83448101081756,-6.393007163167814,C:\Users\yanit\OneDrive\Bureau\Data Insights And Visualization\tier3\labels\sunda-tsunami_00000121_post_disaster.json,153.02173913043478,33.205128205128204,14.916666666666666,6.25
GEOEYE01,GEOEYE01,1.7746705,2019-01-02T03:17:07.000Z,16.378376,0.44356507,126.33524,60.16131,292.7296,sunda-tsunami,tsunami,1050010013BECF00,1024,1024,1024,1024,MjY0MjQ1Nw.FclQBDdY5B1WWOtAKIClOB7-gJI,sunda-tsunami_00000122_post_disaster.png,105.83448101081756,-6.393007163167814,C:\Users\yanit\OneDrive\Bureau\Data Insights And Visualization\tier3\labels\sunda-tsunami_00000122_post_disaster.json,153.02173913043478,33.205128205128204,14.916666666666666,6.25
GEOEYE01,GEOEYE01,1.7746705,2019-01-02T03:17:07.000Z,16.378376,0.44356507,126.33524,60.16131,292.7296,sunda-tsunami,tsunami,1050010013BECF00,1024,1024,1024,1024,MjY0MjQ1OA.tKFC7D0jL5ni1cprEZPofjtQw9A,sunda-tsunami_00000123_post_disaster.png,105.83448101081756,-6.393007163167814,C:\Users\yanit\OneDrive\Bureau\Data Insights And Visualization\tier3\labels\sunda-tsunami_00000123_post_disaster.json,153.02173913043478,33.205128205128204,14.916666666666666,6.25
GEOEYE01,GEOEYE01,1.7746705,2019-01-02T03:17:07.000Z,16.378376,0.44356507,126.33524,60.16131,292.7296,sunda-tsunami,tsunami,1050010013BECF00,1024,1024,1024,1024,MjY0MjQ1OQ.fGzXYTbN857YOqv-e1vlJRSqQn0,sunda-tsunami_00000124_post_disaster.png,105.83448101081756,-6.393007163167814,C:\Users\yanit\OneDrive\Bureau\Data Insights And Visualization\tier3\labels\sunda-tsunami_00000124_post_disaster.json,153.02173913043478,33.205128205128204,14.916666666666666,6.25
GEOEYE01,GEOEYE01,1.7746705,2019-01-02T03:17:07.000Z,16.378376,0.44356507,126.33524,60.16131,292.7296,sunda-tsunami,tsunami,1050010013BECF00,1024,1024,1024,1024,MjY0MjQ2MA.zjhyXaC7ENZSN5KFkK-w-kMOjW4,sunda-tsunami_00000125_post_disaster.png,105.83448101081756,-6.393007163167814,C:\Users\yanit\OneDrive\Bureau\Data Insights And Visualization\tier3\labels\sunda-tsunami_00000125_post_disaster.json,153.02173913043478,33.205128205128204,14.916666666666666,6.25
GEOEYE01,GEOEYE01,1.7746705,2019-01-02T03:17:07.000Z,16.378376,0.44356507,126.33524,60.16131,292.7296,sunda-tsunami,tsunami,1050010013BECF00,1024,1024,1024,1024,MjY0MjQ2MQ._B9lypMRuIxgsJM55G2bxCFhhzc,sunda-tsunami_00000126_post_disaster.png,105.83448101081756,-6.393007163167814,C:\Users\yanit\OneDrive\Bureau\Data Insights And Visualization\tier3\labels\sunda-tsunami_00000126_post_disaster.json,153.02173913043478,33.205128205128204,14.916666666666666,6.25
GEOEYE01,GEOEYE01,1.7746705,2019-01-02T03:17:07.000Z,16.378376,0.44356507,126.33524,60.16131,292.7296,sunda-tsunami,tsunami,1050010013BECF00,1024,1024,1024,1024,MjY0MjQ2Mg.7kqI8x4nUZCoT4KqfMOsSfsBfC8,sunda-tsunami_00000127_post_disaster.png,105.83448101081756,-6.393007163167814,C:\Users\yanit\OneDrive\Bureau\Data Insights And Visualization\tier3\labels\sunda-tsunami_00000127_post_disaster.json,153.02173913043478,33.205128205128204,14.916666666666666,6.25
GEOEYE01,GEOEYE01,1.7746705,2019-01-02T03:17:07.000Z,16.378376,0.44356507,126.33524,60.16131,292.7296,sunda-tsunami,tsunami,1050010013BECF00,1024,1024,1024,1024,MjY0MjQ2Mw.cjIiX3yoq0Zaq1p5uBFSvYKMo5U,sunda-tsunami_00000128_post_disaster.png,105.82251567593264,-6.7621000996435585,C:\Users\yanit\OneDrive\Bureau\Data Insights And Visualization\tier3\labels\sunda-tsunami_00000128_post_disaster.json,6.0,1.0,14.916666666666666,6.25
GEOEYE01,GEOEYE01,1.7746705,2019-01-02T03:17:07.000Z,16.378376,0.44356507,126.33524,60.16131,292.7296,sunda-tsunami,tsunami,1050010013BECF00,1024,1024,1024,1024,MjY0MjQ2NQ.5VXNobuL2kee-L6UoIdnNtoTmRk,sunda-tsunami_00000129_post_disaster.png,105.83448101081756,-6.393007163167814,C:\Users\yanit\OneDrive\Bureau\Data Insights And Visualization\tier3\labels\sunda-tsunami_00000129_post_disaster.json,153.02173913043478,33.205128205128204,14.916666666666666,6.25
GEOEYE01,GEOEYE01,1.7746705,2019-01-02T03:17:07.000Z,16.378376,0.44356507,126.33524,60.16131,292.7296,sunda-tsunami,tsunami,1050010013BECF00,1024,1024,1024,1024,MjY0MjQ2Ng.214lQtyA_dww1_k8utjGvHX4T3c,sunda-tsunami_00000130_post_disaster.png,105.81208353436749,-6.7681732248658975,C:\Users\yanit\OneDrive\Bureau\Data Insights And Visualization\tier3\labels\sunda-tsunami_00000130_post_disaster.json,15.0,1.0,14.916666666666666,6.25
GEOEYE01,GEOEYE01,1.7746705,2019-01-02T03:17:07.000Z,16.378376,0.44356507,126.33524,60.16131,292.7296,sunda-tsunami,tsunami,1050010013BECF00,1024,1024,1024,1024,MjY0MjQ2Nw.rFXCc4wwwZPW62J6b9MObLASpVo,sunda-tsunami_00000131_post_disaster.png,105.83448101081756,-6.393007163167814,C:\Users\yanit\OneDrive\Bureau\Data Insights And Visualization\tier3\labels\sunda-tsunami_00000131_post_disaster.json,153.02173913043478,33.205128205128204,14.916666666666666,6.25
GEOEYE01,GEOEYE01,1.7746705,2019-01-02T03:17:07.000Z,16.378376,0.44356507,126.33524,60.16131,292.7296,sunda-tsunami,tsunami,1050010013BECF00,1024,1024,1024,1024,MjY0MjQ2OA.NCikrRWoTc2_iqVr7fD8TocKxE8,sunda-tsunami_00000132_post_disaster.png,105.82015637653812,-6.39931667295246,C:\Users\yanit\OneDrive\Bureau\Data Insights And Visualization\tier3\labels\sunda-tsunami_00000132_post_disaster.json,2.0,33.205128205128204,14.916666666666666,6.25
GEOEYE01,GEOEYE01,1.7746705,2019-01-02T03:17:07.000Z,16.378376,0.44356507,126.33524,60.16131,292.7296,sunda-tsunami,tsunami,1050010013BECF00,1024,1024,1024,1024,MjY0MjQ2OQ.LWDxpUdbP02SS0jGwFj3ZEL6NRQ,sunda-tsunami_00000133_post_disaster.png,105.83448101081756,-6.393007163167814,C:\Users\yanit\OneDrive\Bureau\Data Insights And Visualization\tier3\labels\sunda-tsunami_00000133_post_disaster.json,153.02173913043478,33.205128205128204,14.916666666666666,6.25
GEOEYE01,GEOEYE01,1.7746705,2019-01-02T03:17:07.000Z,16.378376,0.44356507,126.33524,60.16131,292.7296,sunda-tsunami,tsunami,1050010013BECF00,1024,1024,1024,1024,MjY0MjQ3MA.bpXh5wzXb7TrjsmnrC3DbIN_J0U,sunda-tsunami_00000134_post_disaster.png,105.80748630535012,-6.764438556034428,C:\Users\yanit\OneDrive\Bureau\Data Insights And Visualization\tier3\labels\sunda-tsunami_00000134_post_disaster.json,70.0,1.0,14.916666666666666,6.25
GEOEYE01,GEOEYE01,1.7746705,2019-01-02T03:17:07.000Z,16.378376,0.44356507,126.33524,60.16131,292.7296,sunda-tsunami,tsunami,1050010013BECF00,1024,1024,1024,1024,MjY0MjQ3MQ.6rtNDQe6p1WyQa3X6E_TswXKNNg,sunda-tsunami_00000135_post_disaster.png,105.81258503625135,-6.765187393505176,C:\Users\yanit\OneDrive\Bureau\Data Insights And Visualization\tier3\labels\sunda-tsunami_00000135_post_disaster.json,180.0,33.205128205128204,14.916666666666666,6.25
GEOEYE01,GEOEYE01,1.7746705,2019-01-02T03:17:07.000Z,16.378376,0.44356507,126.33524,60.16131,292.7296,sunda-tsunami,tsunami,1050010013BECF00,1024,1024,1024,1024,MjY0MjQ3Mg.8etQjgT_5wXf7XLDCwZKGDRwjsI,sunda-tsunami_00000136_post_disaster.png,105.81767356833122,-6.764273073511371,C:\Users\yanit\OneDrive\Bureau\Data Insights And Visualization\tier3\labels\sunda-tsunami_00000136_post_disaster.json,173.0,33.205128205128204,14.916666666666666,6.25
GEOEYE01,GEOEYE01,1.7746705,2019-01-02T03:17:07.000Z,16.378376,0.44356507,126.33524,60.16131,292.7296,sunda-tsunami,tsunami,1050010013BECF00,1024,1024,1024,1024,MjY0MjQ3NA.vzTxOr_P32c5o_jXAclJWAJCMY0,sunda-tsunami_00000137_post_disaster.png,105.82472202178113,-6.340915845632147,C:\Users\yanit\OneDrive\Bureau\Data Insights And Visualization\tier3\labels\sunda-tsunami_00000137_post_disaster.json,153.02173913043478,6.0,14.916666666666666,6.25
GEOEYE01,GEOEYE01,1.7746705,2019-01-02T03:17:07.000Z,16.378376,0.44356507,126.33524,60.16131,292.7296,sunda-tsunami,tsunami,1050010013BECF00,1024,1024,1024,1024,MjY0MjQ3NQ.ciK0AvVLwmcov8x5KN6T4wAR2UQ,sunda-tsunami_00000138_post_disaster.png,105.83448101081756,-6.393007163167814,C:\Users\yanit\OneDrive\Bureau\Data Insights And Visualization\tier3\labels\sunda-tsunami_00000138_post_disaster.json,153.02173913043478,33.205128205128204,14.916666666666666,6.25
GEOEYE01,GEOEYE01,1.7746705,2019-01-02T03:17:07.000Z,16.378376,0.44356507,126.33524,60.16131,292.7296,sunda-tsunami,tsunami,1050010013BECF00,1024,1024,1024,1024,MjY0MjQ3Ng.8UTZXiNVQFVMTURS3SGmCBGjcZ8,sunda-tsunami_00000139_post_disaster.png,105.82550411131719,-6.340532937540932,C:\Users\yanit\OneDrive\Bureau\Data Insights And Visualization\tier3\labels\sunda-tsunami_00000139_post_disaster.json,21.0,14.0,14.916666666666666,6.25
GEOEYE01,GEOEYE01,1.7746705,2019-01-02T03:17:07.000Z,16.378376,0.44356507,126.33524,60.16131,292.7296,sunda-tsunami,tsunami,1050010013BECF00,1024,1024,1024,1024,MjY0MjQ3Nw.yagmR8sH3apBJR0eOAcKSAGIR2A,sunda-tsunami_00000140_post_disaster.png,105.82844391745735,-6.252293570832357,C:\Users\yanit\OneDrive\Bureau\Data Insights And Visualization\tier3\labels\sunda-tsunami_00000140_post_disaster.json,14.0,21.0,25.0,9.0
GEOEYE01,GEOEYE01,1.7746705,2019-01-02T03:17:07.000Z,16.378376,0.44356507,126.33524,60.16131,292.7296,sunda-tsunami,tsunami,1050010013BECF00,1024,1024,1024,1024,MjY0MjQ3OA.ee_sHXtoYxmFqsmwLo9b-VrsDZo,sunda-tsunami_00000141_post_disaster.png,105.82795667427662,-6.412551114205434,C:\Users\yanit\OneDrive\Bureau\Data Insights And Visualization\tier3\labels\sunda-tsunami_00000141_post_disaster.json,40.0,8.0,14.916666666666666,6.25
GEOEYE01,GEOEYE01,1.7746705,2019-01-02T03:17:07.000Z,16.378376,0.44356507,126.33524,60.16131,292.7296,sunda-tsunami,tsunami,1050010013BECF00,1024,1024,1024,1024,MjY0MjQ3OQ.FR90WoNQPmmW2_xDhKTDh4pL9FM,sunda-tsunami_00000142_post_disaster.png,105.83448101081756,-6.393007163167814,C:\Users\yanit\OneDrive\Bureau\Data Insights And Visualization\tier3\labels\sunda-tsunami_00000142_post_disaster.json,153.02173913043478,33.205128205128204,14.916666666666666,6.25
GEOEYE01,GEOEYE01,1.7746705,2019-01-02T03:17:07.000Z,16.378376,0.44356507,126.33524,60.16131,292.7296,sunda-tsunami,tsunami,1050010013BECF00,1024,1024,1024,1024,MjY0MjQ4MA._Ei0vW4STTbQHgZpMEaHKYu0ZKc,sunda-tsunami_00000143_post_disaster.png,105.81249867461628,-6.76720296020801,C:\Users\yanit\OneDrive\Bureau\Data Insights And Visualization\tier3\labels\sunda-tsunami_00000143_post_disaster.json,22.0,33.205128205128204,14.916666666666666,6.25
GEOEYE01,GEOEYE01,1.7746705,2019-01-02T03:17:07.000Z,16.378376,0.44356507,126.33524,60.16131,292.7296,sunda-tsunami,tsunami,1050010013BECF00,1024,1024,1024,1024,MjY0MjQ4MQ.GzpEYwUYU-3_qcgInzpw_vVb9zk,sunda-tsunami_00000144_post_disaster.png,105.83448101081756,-6.393007163167814,C:\Users\yanit\OneDrive\Bureau\Data Insights And Visualization\tier3\labels\sunda-tsunami_00000144_post_disaster.json,153.02173913043478,33.205128205128204,14.916666666666666,6.25
GEOEYE01,GEOEYE01,1.7746705,2019-01-02T03:17:07.000Z,16.378376,0.44356507,126.33524,60.16131,292.7296,sunda-tsunami,tsunami,1050010013BECF00,1024,1024,1024,1024,MjY0MjQ4Mg.8y9hR_NK2cK4yXK18pzL7OMeQzk,sunda-tsunami_00000145_post_disaster.png,105.83448101081756,-6.393007163167814,C:\Users\yanit\OneDrive\Bureau\Data Insights And Visualization\tier3\labels\sunda-tsunami_00000145_post_disaster.json,153.02173913043478,33.205128205128204,14.916666666666666,6.25
GEOEYE01,GEOEYE01,1.7746705,2019-01-02T03:17:07.000Z,16.378376,0.44356507,126.33524,60.16131,292.7296,sunda-tsunami,tsunami,1050010013BECF00,1024,1024,1024,1024,MjY0MjQ4Mw.STExx6mh3Y3Es8npjlaTZY9YhKU,sunda-tsunami_00000146_post_disaster.png,105.81755739038387,-6.759643060486272,C:\Users\yanit\OneDrive\Bureau\Data Insights And Visualization\tier3\labels\sunda-tsunami_00000146_post_disaster.json,14.0,33.205128205128204,14.916666666666666,6.25
GEOEYE01,GEOEYE01,1.7746705,2019-01-02T03:17:07.000Z,16.378376,0.44356507,126.33524,60.16131,292.7296,sunda-tsunami,tsunami,1050010013BECF00,1024,1024,1024,1024,MjY0MjQ4NQ.dsDQ-Wx8c2FJY5GtKNXyj_a1iVw,sunda-tsunami_00000147_post_disaster.png,105.83167135466505,-6.339754469770515,C:\Users\yanit\OneDrive\Bureau\Data Insights And Visualization\tier3\labels\sunda-tsunami_00000147_post_disaster.json,3.0,40.0,14.916666666666666,6.25
